id;repayement_amount;zkp_code;date_created;created_by_id;date_updated;updated_by_id
1;37454;Directives application Home Loan Account;2023-09-15T22:38:55;44583;2023-09-15T22:38:57;9997
2;5808;FTP Savings Account;2023-09-15T09:23:58;65088;2023-09-16T01:53:57;5641
3;96990;parsing red Chips;2023-09-15T21:59:29;61748;2023-09-15T19:05:29;61165
4;52475;web-readiness;2023-09-15T19:24:13;52477;2023-09-15T11:42:32;39986
5;13949;zero administration;2023-09-15T17:36:02;23277;2023-09-15T15:26:51;9060
6;78517;grey Cambridgeshire;2023-09-15T12:10:31;46676;2023-09-16T01:16:42;85994
7;60754;Table Small Frozen Sausages Planner;2023-09-15T06:59:30;38541;2023-09-15T19:04:57;1596
8;9767;Nakfa;2023-09-15T15:49:46;68326;2023-09-15T23:27:51;60999
9;49517;Games Regional Digitized;2023-09-15T10:29:34;75536;2023-09-15T18:54:44;42515
10;52006;Mayotte;2023-09-15T21:57:24;3131;2023-09-15T03:07:24;84228
